feature_idx,label,max_activation,mean_activation,activation_freq,is_task_feature,top_prompt
0,,0.4108467698097229,0.4108467698097229,0.04,False,The quick brown fox jumps over the lazy dog
1,,0.5141884684562683,0.47852882742881775,0.96,False,Berlin has great nightlife
2,,0.09901440143585205,0.0337325856089592,0.8,False,The Amazon River is the largest river
3,,0.31072986125946045,0.1623021960258484,0.08,False,The quick brown fox jumps over the lazy dog
4,,0.102349191904068,0.04535583406686783,0.92,False,Berlin has great nightlife
5,,1.159085988998413,0.6998456716537476,1.0,False,The quick brown fox jumps over the lazy dog
6,[dead],0.0,0.0,0.0,False,
7,,0.3586692810058594,0.32264482975006104,0.96,False,Photosynthesis converts sunlight into energy
8,,0.09989285469055176,0.06914966553449631,1.0,False,The quick brown fox jumps over the lazy dog
9,,1.083365797996521,1.083365797996521,0.04,False,The quick brown fox jumps over the lazy dog
10,,0.48110896348953247,0.25381383299827576,1.0,False,The quick brown fox jumps over the lazy dog
11,,0.14736773073673248,0.10348957031965256,0.96,False,Germany is known for its engineering
12,,0.12299014627933502,0.07011481374502182,0.96,False,France is a country in Western Europe
13,,0.371867835521698,0.0385461151599884,0.72,False,The quick brown fox jumps over the lazy dog
14,,0.03473323583602905,0.010006813332438469,0.6,False,Germany is known for its engineering
15,,2.9315826892852783,0.712748646736145,1.0,False,The quick brown fox jumps over the lazy dog
16,,0.2114158719778061,0.1664608120918274,1.0,False,Photosynthesis converts sunlight into energy
17,,0.02900281548500061,0.0144729632884264,0.68,False,The capital of Canada is
18,,1.2376888990402222,1.2376888990402222,0.04,False,The quick brown fox jumps over the lazy dog
19,,1.0631678104400635,1.0631678104400635,0.04,False,The quick brown fox jumps over the lazy dog
20,[dead],0.0,0.0,0.0,True,
21,,0.07760295271873474,0.0322742834687233,0.92,False,Japan has a rich cultural history
22,,3.5287020206451416,1.507044792175293,1.0,False,The quick brown fox jumps over the lazy dog
23,,0.07171313464641571,0.035568468272686005,0.84,False,France is a country in Western Europe
24,,0.20874126255512238,0.04293951392173767,0.96,False,The quick brown fox jumps over the lazy dog
25,,0.3696144223213196,0.3464418351650238,0.96,False,Water boils at one hundred degrees Celsius
26,,1.081602692604065,1.081602692604065,0.04,False,The quick brown fox jumps over the lazy dog
27,,0.5305335521697998,0.5052836537361145,0.96,False,The capital of Spain is
28,,0.4238828718662262,0.33264729380607605,0.96,False,Water boils at one hundred degrees Celsius
29,,1.125717043876648,0.14838647842407227,1.0,False,The quick brown fox jumps over the lazy dog
30,,0.3885141611099243,0.34674203395843506,0.96,False,Photosynthesis converts sunlight into energy
31,,0.38468044996261597,0.3644144833087921,0.96,False,The capital of Russia is
32,,0.8821130990982056,0.5471532940864563,1.0,False,The quick brown fox jumps over the lazy dog
33,[dead],0.0,0.0,0.0,False,
34,,0.4530145823955536,0.4130859375,0.96,False,France is a country in Western Europe
35,,0.9832954406738281,0.24645300209522247,1.0,False,The quick brown fox jumps over the lazy dog
36,,0.9645135402679443,0.27573174238204956,1.0,False,The quick brown fox jumps over the lazy dog
37,,0.08961209654808044,0.05049356818199158,0.92,False,The capital of Nigeria is
38,,0.5432250499725342,0.3640531599521637,1.0,False,The quick brown fox jumps over the lazy dog
39,,0.6368913650512695,0.5892201066017151,0.96,False,The capital of Nigeria is
40,[dead],0.0,0.0,0.0,False,
41,,1.0898513793945312,0.5367147326469421,1.0,False,The quick brown fox jumps over the lazy dog
42,,1.2616164684295654,0.2773999869823456,1.0,False,The quick brown fox jumps over the lazy dog
43,,2.9720559120178223,2.9720559120178223,0.04,False,The quick brown fox jumps over the lazy dog
44,,1.90548837184906,0.23034711182117462,1.0,False,The quick brown fox jumps over the lazy dog
45,,0.2159801423549652,0.1814340502023697,0.96,False,The capital of India is
46,,0.1629934161901474,0.13851623237133026,0.96,False,The Amazon River is the largest river
47,,0.842805027961731,0.842805027961731,0.04,False,The quick brown fox jumps over the lazy dog
48,,2.3848443031311035,0.13663263618946075,0.92,False,The quick brown fox jumps over the lazy dog
49,,0.2702999711036682,0.23090170323848724,0.96,False,The capital of Nigeria is
50,,1.3844001293182373,0.6998799443244934,0.08,False,The quick brown fox jumps over the lazy dog
51,,0.9368552565574646,0.8648227453231812,1.0,False,Japan has a rich cultural history
52,,2.0373024940490723,0.5071783661842346,1.0,False,The quick brown fox jumps over the lazy dog
53,,0.22290712594985962,0.22290712594985962,0.04,False,The quick brown fox jumps over the lazy dog
54,[dead],0.0,0.0,0.0,False,
55,[dead],0.0,0.0,0.0,True,
56,,0.4857037663459778,0.2268959879875183,1.0,False,The quick brown fox jumps over the lazy dog
57,,0.899391770362854,0.8301857113838196,1.0,False,Berlin has great nightlife
58,,1.545447587966919,0.29914548993110657,1.0,False,The quick brown fox jumps over the lazy dog
59,,0.5297404527664185,0.2712491750717163,1.0,False,The quick brown fox jumps over the lazy dog
60,,0.5092225074768066,0.06658396869897842,1.0,False,The quick brown fox jumps over the lazy dog
61,[dead],0.0,0.0,0.0,True,
62,,0.2731066346168518,0.23029673099517822,1.0,False,Water boils at one hundred degrees Celsius
63,,0.21663378179073334,0.21663378179073334,0.04,False,The quick brown fox jumps over the lazy dog
64,,0.14981381595134735,0.14981381595134735,0.04,False,The quick brown fox jumps over the lazy dog
65,,2.0473673343658447,2.0473673343658447,0.04,False,The quick brown fox jumps over the lazy dog
66,,0.10525001585483551,0.06136973202228546,0.88,False,The capital of Nigeria is
67,,0.6154659986495972,0.5674291849136353,1.0,False,The capital of Italy is
68,[dead],0.0,0.0,0.0,True,
69,,0.550561785697937,0.5033043026924133,0.96,False,The capital of Nigeria is
70,,0.338512122631073,0.17750060558319092,1.0,False,The quick brown fox jumps over the lazy dog
71,[dead],0.0,0.0,0.0,False,
72,,0.483418345451355,0.4443626403808594,0.96,False,The capital of India is
73,,0.8916934728622437,0.8916934728622437,0.04,False,The quick brown fox jumps over the lazy dog
74,,0.14089542627334595,0.07972954958677292,0.96,False,Photosynthesis converts sunlight into energy
75,,0.7012856006622314,0.6630039811134338,1.0,False,The capital of Brazil is
76,,1.0851716995239258,1.0851716995239258,0.04,False,The quick brown fox jumps over the lazy dog
77,,0.8970340490341187,0.8479864597320557,0.96,False,Photosynthesis converts sunlight into energy
78,,0.8170247077941895,0.48443734645843506,1.0,False,The quick brown fox jumps over the lazy dog
79,,0.13003602623939514,0.09855072945356369,0.96,False,Paris is a beautiful city
80,,0.28803619742393494,0.23266728222370148,0.96,False,Photosynthesis converts sunlight into energy
81,,1.7194812297821045,0.19481787085533142,1.0,False,The quick brown fox jumps over the lazy dog
82,,0.3306725323200226,0.2363019734621048,0.96,False,Water boils at one hundred degrees Celsius
83,[dead],0.0,0.0,0.0,False,
84,,0.5424842834472656,0.06848499923944473,1.0,False,The quick brown fox jumps over the lazy dog
85,,1.178765892982483,0.8230871558189392,1.0,False,The quick brown fox jumps over the lazy dog
86,,0.33278679847717285,0.2429959625005722,0.96,False,Shakespeare wrote thirty seven plays
87,,0.5894270539283752,0.07906017452478409,0.96,False,The quick brown fox jumps over the lazy dog
88,,0.3937034606933594,0.37401875853538513,0.96,False,The capital of Nigeria is
89,[dead],0.0,0.0,0.0,False,
90,,0.679243803024292,0.679243803024292,0.04,False,The quick brown fox jumps over the lazy dog
91,,0.3679252564907074,0.3224223256111145,0.96,False,France is a country in Western Europe
92,,0.5626495480537415,0.541057288646698,0.96,False,The capital of Russia is
93,,1.090111494064331,0.17082242667675018,1.0,False,The quick brown fox jumps over the lazy dog
94,,0.6035791635513306,0.5816890597343445,0.96,False,The capital of Canada is
95,,0.23627671599388123,0.19626830518245697,1.0,False,The capital of Russia is
96,,0.6101046800613403,0.2016250193119049,1.0,False,The quick brown fox jumps over the lazy dog
97,,2.456463098526001,0.5267336368560791,1.0,False,The quick brown fox jumps over the lazy dog
98,,0.8701050877571106,0.3213843107223511,1.0,False,The quick brown fox jumps over the lazy dog
99,[dead],0.0,0.0,0.0,False,
100,[dead],0.0,0.0,0.0,False,
101,,0.21078072488307953,0.14173844456672668,0.96,False,Water boils at one hundred degrees Celsius
102,[dead],0.0,0.0,0.0,False,
103,,0.5106688141822815,0.47955378890037537,0.96,False,Shakespeare wrote thirty seven plays
104,,0.6319445371627808,0.5920431613922119,1.0,False,Photosynthesis converts sunlight into energy
105,,0.051757410168647766,0.018747879192233086,0.36,False,France is a country in Western Europe
106,[dead],0.0,0.0,0.0,False,
107,,2.7786998748779297,0.5259051322937012,1.0,False,The quick brown fox jumps over the lazy dog
108,,1.6584241390228271,0.6939542889595032,1.0,False,The quick brown fox jumps over the lazy dog
109,,0.21254077553749084,0.18554891645908356,0.96,False,Water boils at one hundred degrees Celsius
110,,2.6385867595672607,1.514433741569519,1.0,False,The quick brown fox jumps over the lazy dog
111,,1.1892402172088623,0.8574643731117249,1.0,False,The quick brown fox jumps over the lazy dog
112,,0.6543158292770386,0.2739957869052887,1.0,False,The quick brown fox jumps over the lazy dog
113,,0.24629637598991394,0.18671798706054688,0.96,False,France is a country in Western Europe
114,,0.5774022340774536,0.556157648563385,0.96,False,The Amazon River is the largest river
115,,0.2875308692455292,0.25831153988838196,0.96,False,The capital of India is
116,,1.7541112899780273,0.9782260656356812,1.0,False,The quick brown fox jumps over the lazy dog
117,,0.14738817512989044,0.06731515377759933,0.96,False,Japan has a rich cultural history
118,,0.6660667061805725,0.6339650750160217,0.96,False,Photosynthesis converts sunlight into energy
119,,0.6839756965637207,0.6479097008705139,1.0,False,Water boils at one hundred degrees Celsius
120,,0.4611348509788513,0.12717531621456146,1.0,False,The quick brown fox jumps over the lazy dog
121,,1.4688491821289062,0.27818724513053894,1.0,False,The quick brown fox jumps over the lazy dog
122,,0.29809585213661194,0.05532772094011307,0.84,False,The quick brown fox jumps over the lazy dog
123,,0.37660056352615356,0.33267542719841003,0.96,False,France is a country in Western Europe
124,,0.7926000952720642,0.7397957444190979,0.96,False,Berlin has great nightlife
125,,0.5942692160606384,0.5407127737998962,0.96,False,Japan has a rich cultural history
126,,0.2594035863876343,0.21924133598804474,1.0,False,Shakespeare wrote thirty seven plays
127,,0.11347214877605438,0.08717026561498642,0.96,False,Germany is known for its engineering
128,,0.4851266145706177,0.4216729998588562,1.0,False,Berlin has great nightlife
129,,0.6753092408180237,0.4129617214202881,1.0,False,The quick brown fox jumps over the lazy dog
130,[dead],0.0,0.0,0.0,False,
131,,1.0935890674591064,0.7062734961509705,1.0,False,The quick brown fox jumps over the lazy dog
132,,0.8741795420646667,0.23476138710975647,1.0,False,The quick brown fox jumps over the lazy dog
133,,0.7363082766532898,0.26786860823631287,1.0,False,The quick brown fox jumps over the lazy dog
134,,0.03570212423801422,0.012283682823181152,0.24,False,Photosynthesis converts sunlight into energy
135,,0.685398519039154,0.6324282288551331,1.0,False,Berlin has great nightlife
136,,0.2476460039615631,0.1454334259033203,0.96,False,Water boils at one hundred degrees Celsius
137,,1.4215847253799438,0.10803981125354767,1.0,False,The quick brown fox jumps over the lazy dog
138,,0.8903305530548096,0.2028377205133438,1.0,False,The quick brown fox jumps over the lazy dog
139,,2.0038797855377197,1.0545248985290527,1.0,False,The quick brown fox jumps over the lazy dog
140,,0.3953781723976135,0.19816893339157104,0.08,False,The quick brown fox jumps over the lazy dog
141,,0.613347053527832,0.5844957232475281,0.96,False,The capital of Mexico is
142,,2.2635865211486816,0.6277106404304504,1.0,False,The quick brown fox jumps over the lazy dog
143,,1.0034431219100952,0.5181207060813904,1.0,False,The quick brown fox jumps over the lazy dog
144,,0.16619789600372314,0.12569759786128998,0.96,False,The capital of Nigeria is
145,,0.009287208318710327,0.009287208318710327,0.04,False,France is a country in Western Europe
146,,1.1136634349822998,0.3791717290878296,1.0,False,The quick brown fox jumps over the lazy dog
147,,0.26316311955451965,0.22235107421875,0.96,False,The capital of Australia is
148,,0.2665642499923706,0.23586304485797882,0.96,False,Japan has a rich cultural history
149,,0.0008209198713302612,0.0008209198713302612,0.04,False,Water boils at one hundred degrees Celsius
150,,1.4397977590560913,1.4397977590560913,0.04,False,The quick brown fox jumps over the lazy dog
151,,0.08412891626358032,0.06084805727005005,0.96,False,Photosynthesis converts sunlight into energy
152,,0.5543693900108337,0.5284910798072815,0.96,False,Germany is known for its engineering
153,,0.2600192427635193,0.23627357184886932,0.96,False,Paris is a beautiful city
154,,1.0521491765975952,0.2390211820602417,1.0,False,The quick brown fox jumps over the lazy dog
155,[dead],0.0,0.0,0.0,False,
156,,1.5002816915512085,0.2093321979045868,1.0,False,The quick brown fox jumps over the lazy dog
157,,1.4370760917663574,0.2866404056549072,1.0,False,The quick brown fox jumps over the lazy dog
158,,0.5181573629379272,0.47996506094932556,0.96,False,Photosynthesis converts sunlight into energy
159,[dead],0.0,0.0,0.0,False,
160,,1.2392014265060425,0.26243388652801514,1.0,False,The quick brown fox jumps over the lazy dog
161,,0.6820753812789917,0.5413488745689392,1.0,False,The quick brown fox jumps over the lazy dog
162,,1.0490148067474365,0.7179409265518188,1.0,False,The quick brown fox jumps over the lazy dog
163,[dead],0.0,0.0,0.0,False,
164,,0.0376424640417099,0.024792611598968506,0.16,False,Water boils at one hundred degrees Celsius
165,,0.8169678449630737,0.7080250382423401,1.0,False,Photosynthesis converts sunlight into energy
166,,1.7636595964431763,0.6074514985084534,1.0,False,The quick brown fox jumps over the lazy dog
167,,0.4905226528644562,0.4626822769641876,0.96,False,The Amazon River is the largest river
168,,0.059085845947265625,0.03171638771891594,0.92,False,The capital of Nigeria is
169,,1.2040419578552246,0.46257248520851135,1.0,False,The quick brown fox jumps over the lazy dog
170,,0.007940798997879028,0.007940798997879028,0.04,False,Water boils at one hundred degrees Celsius
171,,0.8065565824508667,0.09511764347553253,1.0,False,The quick brown fox jumps over the lazy dog
172,,0.19749949872493744,0.13592246174812317,0.96,False,Water boils at one hundred degrees Celsius
173,,2.093181610107422,0.43256938457489014,1.0,False,The quick brown fox jumps over the lazy dog
174,,0.10652831196784973,0.057011500000953674,0.96,False,Shakespeare wrote thirty seven plays
175,,0.021302565932273865,0.013406491838395596,0.44,True,The capital of Brazil is
176,,0.5506430864334106,0.5506430864334106,0.04,False,The quick brown fox jumps over the lazy dog
177,,0.614783763885498,0.614783763885498,0.04,False,The quick brown fox jumps over the lazy dog
178,,0.365384578704834,0.32330432534217834,0.96,False,Photosynthesis converts sunlight into energy
179,,0.8121320605278015,0.24145618081092834,1.0,False,The quick brown fox jumps over the lazy dog
180,,0.703490138053894,0.6740288734436035,0.96,False,Paris is a beautiful city
181,,0.25708067417144775,0.17762736976146698,0.96,False,Berlin has great nightlife
182,,0.5592016577720642,0.23799987137317657,1.0,False,The quick brown fox jumps over the lazy dog
183,,1.7017641067504883,0.6750370264053345,1.0,False,The quick brown fox jumps over the lazy dog
184,[dead],0.0,0.0,0.0,False,
185,[dead],0.0,0.0,0.0,False,
186,,0.5967295169830322,0.5473865270614624,1.0,False,The capital of China is
187,,0.31181734800338745,0.2601839303970337,0.96,False,Shakespeare wrote thirty seven plays
188,,0.4338459372520447,0.3568774461746216,0.96,False,The Amazon River is the largest river
189,,0.5006955862045288,0.05192473158240318,0.88,False,The quick brown fox jumps over the lazy dog
190,,0.2644294500350952,0.22788159549236298,0.96,False,The capital of Germany is
191,,0.8177905678749084,0.11153694242238998,1.0,False,The quick brown fox jumps over the lazy dog
192,,0.18010981380939484,0.07649729400873184,1.0,False,The quick brown fox jumps over the lazy dog
193,,0.1339370459318161,0.05228256806731224,0.12,False,The quick brown fox jumps over the lazy dog
194,,0.6839768886566162,0.6839768886566162,0.04,False,The quick brown fox jumps over the lazy dog
195,,1.8965179920196533,0.39661189913749695,1.0,False,The quick brown fox jumps over the lazy dog
196,,1.422959566116333,0.2368789166212082,1.0,False,The quick brown fox jumps over the lazy dog
197,,1.337283730506897,0.3086077570915222,1.0,False,The quick brown fox jumps over the lazy dog
198,,0.7740399241447449,0.193828284740448,1.0,False,The quick brown fox jumps over the lazy dog
199,,1.056598424911499,0.08810877054929733,1.0,False,The quick brown fox jumps over the lazy dog
200,,0.0001118779182434082,0.0001118779182434082,0.04,False,Photosynthesis converts sunlight into energy
201,,0.6272457242012024,0.06972454488277435,0.4,False,The quick brown fox jumps over the lazy dog
202,,0.55333411693573,0.2337108850479126,1.0,False,The quick brown fox jumps over the lazy dog
203,,0.16355331242084503,0.12262216955423355,0.96,False,The Amazon River is the largest river
204,,0.05283483862876892,0.016191013157367706,0.76,True,France is a country in Western Europe
205,,0.23687463998794556,0.18970245122909546,0.96,True,Germany is known for its engineering
206,,0.5831282138824463,0.0835423693060875,0.96,False,The quick brown fox jumps over the lazy dog
207,,1.1419320106506348,0.8827707767486572,1.0,False,The quick brown fox jumps over the lazy dog
208,,0.963778018951416,0.963778018951416,0.04,False,The quick brown fox jumps over the lazy dog
209,,1.0813134908676147,0.5580317378044128,1.0,False,The quick brown fox jumps over the lazy dog
210,,0.38914740085601807,0.20549196004867554,1.0,False,The quick brown fox jumps over the lazy dog
211,[dead],0.0,0.0,0.0,False,
212,,0.24994182586669922,0.16218960285186768,1.0,False,Berlin has great nightlife
213,[dead],0.0,0.0,0.0,False,
214,,0.3354800343513489,0.30646657943725586,1.0,False,The capital of Russia is
215,,0.025956571102142334,0.01664954423904419,0.08,True,Paris is a beautiful city
216,,0.19628940522670746,0.10137704759836197,0.96,False,Photosynthesis converts sunlight into energy
217,[dead],0.0,0.0,0.0,False,
218,,0.3284984827041626,0.26860129833221436,0.96,False,Water boils at one hundred degrees Celsius
219,,0.5603562593460083,0.48472633957862854,0.96,False,Shakespeare wrote thirty seven plays
220,,0.2069702446460724,0.07940955460071564,1.0,False,The quick brown fox jumps over the lazy dog
221,,0.4609684646129608,0.4609684646129608,0.04,False,The quick brown fox jumps over the lazy dog
222,,1.1969486474990845,0.32097581028938293,1.0,False,The quick brown fox jumps over the lazy dog
223,,0.1545010507106781,0.09469625353813171,0.96,False,Water boils at one hundred degrees Celsius
224,,0.10088339447975159,0.05290377512574196,0.96,False,Photosynthesis converts sunlight into energy
225,,0.13491249084472656,0.04533642530441284,0.96,False,Water boils at one hundred degrees Celsius
226,[dead],0.0,0.0,0.0,False,
227,,0.3359892666339874,0.3022865056991577,0.96,False,Berlin has great nightlife
228,[dead],0.0,0.0,0.0,False,
229,,0.4883243441581726,0.3496028780937195,1.0,False,The quick brown fox jumps over the lazy dog
230,,0.7664774060249329,0.39515945315361023,1.0,False,The quick brown fox jumps over the lazy dog
231,,0.14320409297943115,0.11142602562904358,0.96,False,The Amazon River is the largest river
232,,0.5246533751487732,0.47384414076805115,0.96,False,Berlin has great nightlife
233,[dead],0.0,0.0,0.0,True,
234,,0.48761051893234253,0.431060791015625,1.0,False,Photosynthesis converts sunlight into energy
235,,0.6326530575752258,0.5692527890205383,1.0,False,Germany is known for its engineering
236,[dead],0.0,0.0,0.0,False,
237,,0.08417163789272308,0.05119379609823227,0.8,False,The Amazon River is the largest river
238,,1.3575646877288818,0.18842174112796783,1.0,False,The quick brown fox jumps over the lazy dog
239,,1.3095955848693848,0.4494245648384094,1.0,False,The quick brown fox jumps over the lazy dog
240,,0.4181366562843323,0.3781670033931732,0.96,False,The capital of Australia is
241,,0.9366363286972046,0.5018931031227112,1.0,False,The quick brown fox jumps over the lazy dog
242,,0.34300148487091064,0.29794925451278687,0.96,False,Berlin has great nightlife
243,,0.2520187497138977,0.2180042266845703,0.96,False,France is a country in Western Europe
244,,0.5979402661323547,0.2293556183576584,1.0,False,The quick brown fox jumps over the lazy dog
245,,0.17916105687618256,0.1303066462278366,0.96,False,Water boils at one hundred degrees Celsius
246,,1.328160047531128,0.4760271906852722,1.0,False,The quick brown fox jumps over the lazy dog
247,,0.3024999499320984,0.1739467978477478,1.0,False,The quick brown fox jumps over the lazy dog
248,,0.7370654940605164,0.7074342370033264,0.96,False,Photosynthesis converts sunlight into energy
249,,2.0980031490325928,0.21416343748569489,1.0,False,The quick brown fox jumps over the lazy dog
250,,1.0312457084655762,0.228481262922287,0.2,False,The quick brown fox jumps over the lazy dog
251,,1.2107106447219849,0.5085852742195129,1.0,False,The quick brown fox jumps over the lazy dog
252,,3.087368965148926,0.4762497842311859,1.0,False,The quick brown fox jumps over the lazy dog
253,,0.058411747217178345,0.01760580576956272,0.64,False,Shakespeare wrote thirty seven plays
254,,0.807244062423706,0.7432016730308533,0.96,False,The capital of Nigeria is
255,,1.16960871219635,0.3226741850376129,1.0,False,The quick brown fox jumps over the lazy dog
256,,0.15446805953979492,0.11947580426931381,0.96,False,Germany is known for its engineering
257,,0.2263001799583435,0.18541668355464935,0.96,False,The capital of Egypt is
258,,0.26212745904922485,0.22608435153961182,0.96,False,Berlin has great nightlife
259,,0.31849783658981323,0.26774564385414124,0.96,False,Water boils at one hundred degrees Celsius
260,,1.4648679494857788,0.8296977281570435,1.0,False,The quick brown fox jumps over the lazy dog
261,,1.8753210306167603,1.8753210306167603,0.04,False,The quick brown fox jumps over the lazy dog
262,,0.8899773359298706,0.33494117856025696,1.0,False,The quick brown fox jumps over the lazy dog
263,,0.97637939453125,0.7295486927032471,1.0,False,The quick brown fox jumps over the lazy dog
264,,0.8428441286087036,0.8025600910186768,1.0,False,The capital of India is
265,,1.697169303894043,0.3068697452545166,1.0,False,The quick brown fox jumps over the lazy dog
266,,0.2481900453567505,0.20711617171764374,1.0,False,Photosynthesis converts sunlight into energy
267,,1.7306197881698608,0.29644399881362915,1.0,False,The quick brown fox jumps over the lazy dog
268,,1.039406180381775,0.17579855024814606,1.0,False,The quick brown fox jumps over the lazy dog
269,,0.718450129032135,0.3403600752353668,1.0,False,The quick brown fox jumps over the lazy dog
270,,1.4189714193344116,0.6036021709442139,1.0,False,The quick brown fox jumps over the lazy dog
271,,0.17820948362350464,0.17820948362350464,0.04,False,The quick brown fox jumps over the lazy dog
272,,0.09632398188114166,0.0716581642627716,0.96,False,Japan has a rich cultural history
273,[dead],0.0,0.0,0.0,False,
274,,0.48038721084594727,0.4414287507534027,0.96,False,The capital of Canada is
275,,0.10223236680030823,0.059435080736875534,0.96,False,The capital of Nigeria is
276,[dead],0.0,0.0,0.0,False,
277,,0.2534137964248657,0.23360256850719452,0.96,False,Water boils at one hundred degrees Celsius
278,,0.3097582459449768,0.16060835123062134,0.08,False,The quick brown fox jumps over the lazy dog
279,,0.0326821506023407,0.0326821506023407,0.04,False,The quick brown fox jumps over the lazy dog
280,,1.927497148513794,1.927497148513794,0.04,False,The quick brown fox jumps over the lazy dog
281,,0.38542354106903076,0.34469088912010193,0.96,False,Berlin has great nightlife
282,,1.0989958047866821,0.07240579277276993,0.92,False,The quick brown fox jumps over the lazy dog
283,,0.08266487717628479,0.02689450792968273,0.92,False,The quick brown fox jumps over the lazy dog
284,,1.3980255126953125,0.6181384325027466,1.0,False,The quick brown fox jumps over the lazy dog
285,,1.3274116516113281,0.7540032267570496,1.0,False,The quick brown fox jumps over the lazy dog
286,,0.16062715649604797,0.11275608092546463,0.96,False,Berlin has great nightlife
287,,0.22483277320861816,0.1877398043870926,0.96,False,The capital of India is
288,,0.07519768178462982,0.029925258830189705,0.88,False,Photosynthesis converts sunlight into energy
289,,0.04145808517932892,0.02650263160467148,0.64,True,The capital of India is
290,,0.621047854423523,0.5697042346000671,0.96,False,Japan has a rich cultural history
291,,0.277854859828949,0.2416258603334427,0.96,False,The capital of Spain is
292,,1.0411325693130493,0.5304783582687378,1.0,False,The quick brown fox jumps over the lazy dog
293,,0.6774647235870361,0.6364689469337463,0.96,False,The Amazon River is the largest river
294,,0.5394056439399719,0.38265538215637207,1.0,False,The quick brown fox jumps over the lazy dog
295,,0.17949873208999634,0.1524074524641037,0.96,False,The Amazon River is the largest river
296,,0.5021010637283325,0.419940710067749,0.96,False,Germany is known for its engineering
297,,0.3057708144187927,0.2162853181362152,1.0,False,The quick brown fox jumps over the lazy dog
298,,0.7873780727386475,0.23346363008022308,1.0,False,The quick brown fox jumps over the lazy dog
299,,0.2891252338886261,0.2439553141593933,1.0,False,Paris is a beautiful city
300,,0.3688421845436096,0.3416934013366699,0.96,False,The Amazon River is the largest river
301,,0.23252208530902863,0.032130103558301926,0.52,False,The quick brown fox jumps over the lazy dog
302,,1.6167315244674683,0.6472641229629517,1.0,False,The quick brown fox jumps over the lazy dog
303,,0.4664493799209595,0.39954817295074463,1.0,False,Germany is known for its engineering
304,,0.2572603225708008,0.23305799067020416,1.0,False,France is a country in Western Europe
305,,1.4226839542388916,0.4458572268486023,1.0,False,The quick brown fox jumps over the lazy dog
306,,1.28472101688385,0.561730146408081,1.0,False,The quick brown fox jumps over the lazy dog
307,,0.06155574321746826,0.0361182726919651,0.92,False,The capital of Mexico is
308,,0.24259695410728455,0.16441486775875092,0.96,False,Photosynthesis converts sunlight into energy
309,,0.6133260726928711,0.5247008204460144,0.96,False,Water boils at one hundred degrees Celsius
310,,0.9564754962921143,0.38541993498802185,1.0,False,The quick brown fox jumps over the lazy dog
311,,1.3705627918243408,1.3063856363296509,1.0,False,France is a country in Western Europe
312,,0.14147517085075378,0.09343975782394409,0.96,False,Shakespeare wrote thirty seven plays
313,,0.5326663255691528,0.4822547435760498,1.0,False,The capital of Germany is
314,,1.2271699905395508,0.5939409136772156,1.0,False,The quick brown fox jumps over the lazy dog
315,,0.23869414627552032,0.19202153384685516,0.96,False,Water boils at one hundred degrees Celsius
316,,0.016192376613616943,0.016192376613616943,0.04,False,Water boils at one hundred degrees Celsius
317,,0.8007327318191528,0.7542348504066467,0.96,False,Water boils at one hundred degrees Celsius
318,,0.027104482054710388,0.021078437566757202,0.08,False,France is a country in Western Europe
319,,0.5187557339668274,0.4639239013195038,0.96,False,Berlin has great nightlife
320,,1.4229143857955933,0.32051223516464233,1.0,False,The quick brown fox jumps over the lazy dog
321,,0.5642197132110596,0.48083072900772095,1.0,False,The quick brown fox jumps over the lazy dog
322,,1.6719510555267334,0.42704686522483826,0.16,False,The quick brown fox jumps over the lazy dog
323,,1.8543339967727661,0.2967301607131958,1.0,False,The quick brown fox jumps over the lazy dog
324,,0.3211420178413391,0.26334211230278015,0.96,False,Photosynthesis converts sunlight into energy
325,[dead],0.0,0.0,0.0,False,
326,,5.000494956970215,2.027255058288574,1.0,False,The quick brown fox jumps over the lazy dog
327,,0.5539186000823975,0.521554172039032,1.0,False,Japan has a rich cultural history
328,,0.5765895247459412,0.28831779956817627,1.0,False,The quick brown fox jumps over the lazy dog
329,,1.0427238941192627,0.3137589991092682,1.0,False,The quick brown fox jumps over the lazy dog
330,,0.6376555562019348,0.4261813461780548,1.0,False,The quick brown fox jumps over the lazy dog
331,,0.24215395748615265,0.17077608406543732,0.96,False,Water boils at one hundred degrees Celsius
332,,0.26221171021461487,0.23986077308654785,0.96,False,France is a country in Western Europe
333,,0.6695271730422974,0.6236453056335449,0.96,False,Germany is known for its engineering
334,,0.9338844418525696,0.412710964679718,1.0,False,The quick brown fox jumps over the lazy dog
335,,0.7279850244522095,0.20045660436153412,1.0,False,The quick brown fox jumps over the lazy dog
336,,1.6738487482070923,0.21267999708652496,1.0,False,The quick brown fox jumps over the lazy dog
337,,0.6250231266021729,0.5716615319252014,0.96,False,France is a country in Western Europe
338,,0.04743155837059021,0.015801873058080673,0.64,False,The Amazon River is the largest river
339,,0.5357540249824524,0.5117915272712708,0.96,False,Berlin has great nightlife
340,,0.21271203458309174,0.1793883889913559,1.0,False,Water boils at one hundred degrees Celsius
341,,0.23697513341903687,0.20340992510318756,1.0,False,The capital of China is
342,,0.29637154936790466,0.26712968945503235,0.96,False,Shakespeare wrote thirty seven plays
343,,2.4659647941589355,1.430835247039795,1.0,False,The quick brown fox jumps over the lazy dog
344,,0.5508216619491577,0.2472551316022873,1.0,False,The quick brown fox jumps over the lazy dog
345,[dead],0.0,0.0,0.0,False,
346,,0.0672483742237091,0.033001676201820374,0.48,False,The Amazon River is the largest river
347,,0.3707844614982605,0.34166064858436584,0.96,False,The Amazon River is the largest river
348,,0.41954055428504944,0.2708267867565155,1.0,False,The quick brown fox jumps over the lazy dog
349,,1.0255613327026367,0.4218820333480835,1.0,False,The quick brown fox jumps over the lazy dog
350,,0.06299808621406555,0.035743240267038345,0.92,False,France is a country in Western Europe
351,[dead],0.0,0.0,0.0,False,
352,,0.18142420053482056,0.15200084447860718,0.96,False,The capital of India is
353,,0.32033318281173706,0.12926916778087616,1.0,False,The quick brown fox jumps over the lazy dog
354,,0.9099164009094238,0.8863539695739746,0.96,False,The capital of Mexico is
355,,0.05600890517234802,0.025273388251662254,0.2,False,Berlin has great nightlife
356,,0.29661327600479126,0.20504067838191986,1.0,False,The quick brown fox jumps over the lazy dog
357,,1.5860967636108398,1.5860967636108398,0.04,False,The quick brown fox jumps over the lazy dog
358,,1.953607201576233,0.674945592880249,1.0,False,The quick brown fox jumps over the lazy dog
359,[dead],0.0,0.0,0.0,False,
360,,0.5459656715393066,0.5459656715393066,0.04,False,The quick brown fox jumps over the lazy dog
361,,1.1759920120239258,0.1612400859594345,1.0,False,The quick brown fox jumps over the lazy dog
362,,2.084970712661743,2.084970712661743,0.04,False,The quick brown fox jumps over the lazy dog
363,,1.1730318069458008,0.40113314986228943,1.0,False,The quick brown fox jumps over the lazy dog
364,,0.8409817218780518,0.7687748074531555,0.96,False,Photosynthesis converts sunlight into energy
365,,0.43298178911209106,0.43298178911209106,0.04,False,The quick brown fox jumps over the lazy dog
366,,0.18559135496616364,0.07646577805280685,0.88,False,The quick brown fox jumps over the lazy dog
367,,0.22168660163879395,0.1523539423942566,0.96,False,France is a country in Western Europe
368,,0.1631198674440384,0.14066793024539948,0.96,False,The capital of Germany is
369,,2.2305710315704346,1.1249967813491821,1.0,False,The quick brown fox jumps over the lazy dog
370,,0.4719489812850952,0.443234920501709,0.96,False,Shakespeare wrote thirty seven plays
371,,0.4607493281364441,0.43489333987236023,0.96,False,The capital of Australia is
372,[dead],0.0,0.0,0.0,False,
373,[dead],0.0,0.0,0.0,False,
374,,2.5513522624969482,0.17694750428199768,1.0,False,The quick brown fox jumps over the lazy dog
375,,0.7931804656982422,0.4320412576198578,1.0,False,The quick brown fox jumps over the lazy dog
376,,0.773557722568512,0.773557722568512,0.04,False,The quick brown fox jumps over the lazy dog
377,,0.42311763763427734,0.18473176658153534,1.0,False,The quick brown fox jumps over the lazy dog
378,,0.265150785446167,0.19778841733932495,1.0,False,The quick brown fox jumps over the lazy dog
379,,0.9132870435714722,0.8032376766204834,1.0,False,Photosynthesis converts sunlight into energy
380,,0.09816659986972809,0.07640906423330307,0.96,False,Paris is a beautiful city
381,,0.7763110399246216,0.20311729609966278,1.0,False,The quick brown fox jumps over the lazy dog
382,,1.852676272392273,0.3830224871635437,1.0,False,The quick brown fox jumps over the lazy dog
383,,0.09529955685138702,0.05300358310341835,0.96,False,The Amazon River is the largest river
384,,1.1039823293685913,0.6849239468574524,1.0,False,The quick brown fox jumps over the lazy dog
385,[dead],0.0,0.0,0.0,True,
386,,0.11752045154571533,0.08789419382810593,1.0,False,Water boils at one hundred degrees Celsius
387,,0.2354043871164322,0.20388352870941162,0.96,False,The Amazon River is the largest river
388,,0.6448001265525818,0.32269906997680664,0.08,False,The quick brown fox jumps over the lazy dog
389,,0.36975663900375366,0.33085334300994873,0.96,False,France is a country in Western Europe
390,,1.5946685075759888,1.2903562784194946,1.0,False,The quick brown fox jumps over the lazy dog
391,,0.01342754065990448,0.010647736489772797,0.16,False,Japan has a rich cultural history
392,,0.12345518171787262,0.10083837062120438,0.96,False,The capital of Japan is
393,,1.0584948062896729,0.1911924183368683,1.0,False,The quick brown fox jumps over the lazy dog
394,,0.3361954092979431,0.29724666476249695,1.0,False,Photosynthesis converts sunlight into energy
395,,0.373601496219635,0.3403489589691162,0.96,False,The capital of India is
396,,1.6832987070083618,0.19680501520633698,1.0,False,The quick brown fox jumps over the lazy dog
397,,0.029171854257583618,0.029171854257583618,0.04,True,Shakespeare wrote thirty seven plays
398,,0.9596813917160034,0.8875748515129089,1.0,False,Photosynthesis converts sunlight into energy
399,,0.36459964513778687,0.3167381286621094,0.96,False,Water boils at one hundred degrees Celsius
400,,0.1926133632659912,0.16199742257595062,0.96,False,The capital of Argentina is
401,[dead],0.0,0.0,0.0,False,
402,,0.20482395589351654,0.17213308811187744,0.96,False,Photosynthesis converts sunlight into energy
403,[dead],0.0,0.0,0.0,False,
404,[dead],0.0,0.0,0.0,False,
405,,0.09486012160778046,0.0742231011390686,0.96,False,The capital of France is
406,,0.5562077164649963,0.16867339611053467,1.0,False,The quick brown fox jumps over the lazy dog
407,,0.08292822539806366,0.05459647253155708,0.96,False,Water boils at one hundred degrees Celsius
408,,0.6915915012359619,0.5916299819946289,0.96,False,Water boils at one hundred degrees Celsius
409,,2.084157705307007,0.6047948598861694,1.0,False,The quick brown fox jumps over the lazy dog
410,,0.7359343767166138,0.6223906874656677,1.0,False,The quick brown fox jumps over the lazy dog
411,[dead],0.0,0.0,0.0,True,
412,,0.8838807344436646,0.20893152058124542,1.0,False,The quick brown fox jumps over the lazy dog
413,,0.6602914333343506,0.22126442193984985,1.0,False,The quick brown fox jumps over the lazy dog
414,,0.6559302806854248,0.597066342830658,1.0,False,Shakespeare wrote thirty seven plays
415,,0.36496803164482117,0.186219722032547,0.08,False,The quick brown fox jumps over the lazy dog
416,,0.34105193614959717,0.29853352904319763,0.96,False,The Amazon River is the largest river
417,,0.8920208215713501,0.4221218526363373,1.0,False,The quick brown fox jumps over the lazy dog
418,,0.1001727432012558,0.03589304909110069,0.88,False,France is a country in Western Europe
419,,0.23646754026412964,0.032600536942481995,0.88,False,The quick brown fox jumps over the lazy dog
420,,0.6692891120910645,0.24279242753982544,1.0,False,The quick brown fox jumps over the lazy dog
421,,0.08084692060947418,0.04006097838282585,0.8,False,Shakespeare wrote thirty seven plays
422,,0.9216791391372681,0.382307231426239,1.0,False,The quick brown fox jumps over the lazy dog
423,,0.8967341184616089,0.15133607387542725,1.0,False,The quick brown fox jumps over the lazy dog
424,,0.2688855528831482,0.20450110733509064,0.96,False,Photosynthesis converts sunlight into energy
425,,1.3737425804138184,0.3902819752693176,1.0,False,The quick brown fox jumps over the lazy dog
426,,0.5097998380661011,0.45421120524406433,0.96,False,Photosynthesis converts sunlight into energy
427,,1.4110246896743774,0.13148093223571777,0.92,False,The quick brown fox jumps over the lazy dog
428,,0.7045179009437561,0.6466037631034851,1.0,False,France is a country in Western Europe
429,,2.575103282928467,2.575103282928467,0.04,False,The quick brown fox jumps over the lazy dog
430,,1.1296826601028442,0.06862213462591171,1.0,False,The quick brown fox jumps over the lazy dog
431,,1.3056390285491943,0.2670252323150635,1.0,False,The quick brown fox jumps over the lazy dog
432,,0.8695148229598999,0.15034933388233185,1.0,False,The quick brown fox jumps over the lazy dog
433,,1.1224840879440308,1.0568574666976929,1.0,False,Photosynthesis converts sunlight into energy
434,,0.3578355610370636,0.3578355610370636,0.04,False,The quick brown fox jumps over the lazy dog
435,,0.01776144653558731,0.01776144653558731,0.04,False,The quick brown fox jumps over the lazy dog
436,,0.5245212912559509,0.5245212912559509,0.04,False,The quick brown fox jumps over the lazy dog
437,,0.3137562870979309,0.266612708568573,0.96,False,Shakespeare wrote thirty seven plays
438,,0.11353799700737,0.051753509789705276,0.96,False,Photosynthesis converts sunlight into energy
439,,0.7173700332641602,0.3521038889884949,1.0,False,The quick brown fox jumps over the lazy dog
440,,1.027467131614685,0.12627647817134857,1.0,False,The quick brown fox jumps over the lazy dog
441,,0.1307985484600067,0.09914997220039368,0.96,False,Berlin has great nightlife
442,,0.5121104121208191,0.46819019317626953,0.96,False,Photosynthesis converts sunlight into energy
443,,0.336221843957901,0.2844250202178955,0.96,False,France is a country in Western Europe
444,,0.47904172539711,0.44027528166770935,0.96,False,Shakespeare wrote thirty seven plays
445,,1.2641572952270508,0.3890295922756195,1.0,False,The quick brown fox jumps over the lazy dog
446,[dead],0.0,0.0,0.0,False,
447,,0.1712692528963089,0.12966103851795197,0.96,False,The capital of India is
448,,0.1395646333694458,0.08561230450868607,0.96,False,Germany is known for its engineering
449,,0.48462292551994324,0.48462292551994324,0.04,False,The quick brown fox jumps over the lazy dog
450,,0.14186426997184753,0.06514827162027359,0.92,False,Water boils at one hundred degrees Celsius
451,,1.0281124114990234,0.5169949531555176,1.0,False,The quick brown fox jumps over the lazy dog
452,,0.1798592358827591,0.1462814062833786,0.96,False,The capital of Nigeria is
453,,1.0738024711608887,0.3947199881076813,1.0,False,The quick brown fox jumps over the lazy dog
454,,0.5951027870178223,0.23167124390602112,1.0,False,The quick brown fox jumps over the lazy dog
455,,0.4809319078922272,0.45435938239097595,0.96,False,The capital of Canada is
456,,0.08935385942459106,0.034091513603925705,0.76,False,Berlin has great nightlife
457,[dead],0.0,0.0,0.0,False,
458,,2.3796439170837402,0.20977158844470978,1.0,False,The quick brown fox jumps over the lazy dog
459,,0.2311786264181137,0.18713058531284332,1.0,False,The Amazon River is the largest river
460,,0.18399931490421295,0.042992718517780304,0.8,False,The quick brown fox jumps over the lazy dog
461,,1.0251353979110718,0.11888225376605988,1.0,False,The quick brown fox jumps over the lazy dog
462,,0.056752026081085205,0.024828117340803146,0.88,True,The Amazon River is the largest river
463,,2.0086371898651123,0.30327290296554565,1.0,False,The quick brown fox jumps over the lazy dog
464,,0.09835726022720337,0.0696859285235405,0.96,False,The capital of Germany is
465,,0.3018169701099396,0.23663556575775146,0.96,False,Water boils at one hundred degrees Celsius
466,,0.8504682779312134,0.27568045258522034,1.0,False,The quick brown fox jumps over the lazy dog
467,,0.7078181505203247,0.26951009035110474,1.0,False,The quick brown fox jumps over the lazy dog
468,,0.5146027207374573,0.45292529463768005,1.0,False,The quick brown fox jumps over the lazy dog
469,,0.5154814720153809,0.4732435643672943,0.96,False,Photosynthesis converts sunlight into energy
470,,0.9387189149856567,0.21273142099380493,1.0,False,The quick brown fox jumps over the lazy dog
471,,0.4254513382911682,0.35734379291534424,1.0,False,Germany is known for its engineering
472,,0.1405915915966034,0.03112436830997467,0.4,False,The quick brown fox jumps over the lazy dog
473,,1.4672459363937378,0.15501850843429565,1.0,False,The quick brown fox jumps over the lazy dog
474,,0.24399323761463165,0.22341179847717285,0.96,False,Photosynthesis converts sunlight into energy
475,,1.3578319549560547,0.41978320479393005,1.0,False,The quick brown fox jumps over the lazy dog
476,,0.18671302497386932,0.15610264241695404,0.96,False,Water boils at one hundred degrees Celsius
477,[dead],0.0,0.0,0.0,False,
478,,0.52167809009552,0.35553184151649475,1.0,False,The quick brown fox jumps over the lazy dog
479,,2.634913921356201,1.7170222997665405,1.0,False,The quick brown fox jumps over the lazy dog
480,,0.8376197814941406,0.37027817964553833,1.0,False,The quick brown fox jumps over the lazy dog
481,,0.3759306073188782,0.1902066469192505,1.0,False,The quick brown fox jumps over the lazy dog
482,,2.054753541946411,0.6243383288383484,1.0,False,The quick brown fox jumps over the lazy dog
483,[dead],0.0,0.0,0.0,False,
484,[dead],0.0,0.0,0.0,False,
485,,0.5308465957641602,0.503438413143158,0.96,False,The capital of Nigeria is
486,[dead],0.0,0.0,0.0,False,
487,[dead],0.0,0.0,0.0,False,
488,,1.666149616241455,0.29223155975341797,1.0,False,The quick brown fox jumps over the lazy dog
489,,1.785913348197937,0.22996866703033447,0.32,False,The quick brown fox jumps over the lazy dog
490,,0.6158387660980225,0.26511502265930176,1.0,False,The quick brown fox jumps over the lazy dog
491,[dead],0.0,0.0,0.0,False,
492,,1.4651776552200317,1.3246045112609863,1.0,False,The quick brown fox jumps over the lazy dog
493,,0.37086623907089233,0.33691975474357605,1.0,False,Japan has a rich cultural history
494,,1.3252367973327637,0.6232953071594238,1.0,False,The quick brown fox jumps over the lazy dog
495,,3.6753437519073486,0.242413729429245,1.0,False,The quick brown fox jumps over the lazy dog
496,,16.409385681152344,16.25676918029785,0.96,False,The capital of Russia is
497,,0.5839422345161438,0.5350997447967529,1.0,False,Photosynthesis converts sunlight into energy
498,[dead],0.0,0.0,0.0,False,
499,,0.26847153902053833,0.2180490493774414,0.96,False,Japan has a rich cultural history
500,,0.004054300487041473,0.002681449055671692,0.08,True,The capital of Argentina is
501,,0.14670692384243011,0.09332248568534851,0.96,False,Photosynthesis converts sunlight into energy
502,,0.29813259840011597,0.08615101873874664,1.0,False,The quick brown fox jumps over the lazy dog
503,[dead],0.0,0.0,0.0,False,
504,,0.5316065549850464,0.4737190306186676,0.96,False,The Amazon River is the largest river
505,,0.5193927884101868,0.49376359581947327,0.96,False,Water boils at one hundred degrees Celsius
506,,2.2665789127349854,0.2302798628807068,1.0,False,The quick brown fox jumps over the lazy dog
507,,0.37949591875076294,0.2845853567123413,0.96,False,Water boils at one hundred degrees Celsius
508,,0.35015398263931274,0.3276003301143646,0.96,False,Shakespeare wrote thirty seven plays
509,,0.709456741809845,0.06514695286750793,0.64,False,The quick brown fox jumps over the lazy dog
510,,0.3808893859386444,0.3808893859386444,0.04,False,The quick brown fox jumps over the lazy dog
511,,0.18567535281181335,0.1504109650850296,0.96,False,Japan has a rich cultural history
